,Make,Model,Year,Engine Size,Mileage,Fuel Type,Transmission,Price
0,Honda,Model B,2015,3.9,74176,Petrol,Manual,30246207.931205086
1,Ford,Model C,2014,1.7,94799,Electric,Automatic,22785747.684331357
2,BMW,Model B,2006,4.1,98385,Electric,Manual,25760290.347165287
3,Honda,Model B,2015,2.6,88919,Electric,Automatic,25638003.490707137
4,Honda,Model C,2004,3.4,138482,Petrol,Automatic,21021386.657394465
5,Ford,Model C,2015,2.7,81462,Electric,Manual,25509932.87629353
6,Audi,Model B,2000,1.3,179340,Diesel,Manual,12268206.025234887
7,Audi,Model C,2018,2.0,165320,Electric,Automatic,27783737.880991694
8,Honda,Model A,2004,4.4,31159,Electric,Automatic,27392178.420524962
9,Ford,Model C,2006,4.4,42039,Electric,Automatic,28434533.623616442
10,Audi,Model C,2018,2.1,47800,Electric,Automatic,29404954.005061835
11,Ford,Model B,2021,4.5,40761,Diesel,Manual,36811012.81668896
12,Ford,Model A,2004,4.0,94626,Petrol,Automatic,25205003.95936851
13,Honda,Model D,2016,3.1,118368,Diesel,Manual,27796075.501353044
14,Honda,Model D,2021,1.1,174735,Diesel,Manual,23521881.68354501
15,Toyota,Model E,2007,4.2,80903,Petrol,Manual,26493183.231202293
16,Audi,Model C,2000,3.0,171484,Electric,Automatic,16626379.445014078
17,Audi,Model C,2001,4.0,118998,Petrol,Automatic,21122189.141624898
18,Audi,Model A,2014,3.9,166439,Petrol,Manual,21853332.58714576
19,BMW,Model D,2019,3.9,136885,Diesel,Manual,34716980.01970374
20,Ford,Model E,2017,3.4,59894,Petrol,Manual,32761645.499094438
21,Honda,Model A,2010,2.0,51444,Electric,Manual,23469161.589430895
22,Audi,Model C,2009,2.2,165341,Diesel,Automatic,20093070.8087668
23,Toyota,Model D,2003,2.1,61748,Electric,Manual,18920318.55483959
24,Audi,Model E,2004,1.1,41190,Diesel,Automatic,20152096.90167459
25,Ford,Model B,2003,3.0,40318,Electric,Automatic,21520122.91774841
26,Ford,Model D,2012,3.4,168090,Petrol,Automatic,23293130.308719143
27,Honda,Model E,2012,4.0,124078,Petrol,Automatic,23633389.547739882
28,BMW,Model A,2017,1.5,39759,Petrol,Manual,29288895.788625732
29,Honda,Model B,2001,2.9,16498,Electric,Automatic,25839542.161825657
30,Audi,Model E,2015,1.0,25989,Diesel,Manual,25546588.800832756
31,Toyota,Model E,2000,1.3,156640,Diesel,Automatic,14089788.408398123
32,Honda,Model C,2018,1.2,117035,Diesel,Manual,22788321.295955185
33,BMW,Model D,2008,3.5,66577,Petrol,Manual,27694611.928539816
34,Honda,Model C,2002,1.3,105231,Electric,Manual,15961213.902875084
35,Ford,Model B,2006,3.5,161171,Diesel,Manual,22519390.25009384
36,Audi,Model E,2009,1.9,89900,Electric,Manual,19181816.35933002
37,Audi,Model C,2000,4.1,171711,Diesel,Automatic,16604498.169800228
38,Audi,Model D,2009,3.8,104679,Petrol,Manual,23648417.357426908
39,Audi,Model B,2020,4.4,23482,Electric,Automatic,37032607.51681
40,Audi,Model A,2008,4.1,69212,Diesel,Manual,28849579.398883175
41,Audi,Model C,2014,4.3,186333,Diesel,Automatic,25844624.73356537
42,Toyota,Model B,2014,4.0,30048,Diesel,Automatic,31479646.943218593
43,BMW,Model A,2002,3.4,134137,Diesel,Automatic,14502975.868116163
44,Audi,Model C,2004,1.6,133108,Petrol,Manual,17622004.589515124
45,BMW,Model B,2008,2.0,35814,Diesel,Automatic,26785398.168634143
46,Audi,Model B,2021,1.7,190766,Diesel,Manual,28722717.74326649
47,Honda,Model C,2008,3.1,147996,Petrol,Manual,20951409.55857868
48,Audi,Model B,2006,2.8,129493,Diesel,Automatic,19794718.978131823
49,Ford,Model E,2011,4.0,60204,Electric,Automatic,30130309.562576305
50,Toyota,Model C,2008,4.3,32844,Electric,Manual,29445483.11355711
51,Honda,Model B,2005,2.4,81943,Diesel,Manual,24753596.81452641
52,Honda,Model A,2001,2.8,21518,Petrol,Manual,22407722.68350372
53,Ford,Model A,2008,4.4,148131,Petrol,Manual,23895754.56201794
54,Audi,Model E,2016,2.0,23052,Petrol,Manual,31599826.14854469
55,Toyota,Model C,2000,3.8,69803,Diesel,Manual,23726578.62526377
56,Honda,Model B,2018,1.8,71524,Diesel,Automatic,30346215.343516055
57,Toyota,Model B,2005,3.4,89572,Electric,Manual,22948267.89714067
58,Honda,Model A,2004,1.9,139752,Petrol,Manual,20338969.00473741
59,Audi,Model E,2001,4.1,67021,Diesel,Automatic,21021269.25344609
60,Honda,Model A,2008,3.0,20043,Diesel,Automatic,24750239.377055198
61,Honda,Model A,2013,1.7,2419,Diesel,Automatic,31337129.832918514
62,BMW,Model E,2003,1.8,187964,Petrol,Manual,14716499.1509295
63,Audi,Model C,2003,2.7,121831,Petrol,Automatic,21650081.73175999
64,Ford,Model B,2020,4.4,101799,Electric,Automatic,32908991.9162183
65,Ford,Model C,2014,3.7,148212,Petrol,Manual,25975318.1829386
66,Audi,Model D,2007,2.7,174556,Diesel,Manual,16516158.281751553
67,Ford,Model D,2003,2.2,194941,Electric,Manual,15099270.863365697
68,Audi,Model D,2015,2.9,176282,Petrol,Manual,26209114.472633503
69,Ford,Model E,2020,3.6,57600,Petrol,Automatic,33433340.58814334
70,BMW,Model A,2003,3.7,116467,Petrol,Manual,23440806.391480453
71,Ford,Model C,2015,2.1,78497,Petrol,Automatic,28083897.91878724
72,Honda,Model B,2021,3.5,108611,Diesel,Manual,29044033.966676738
73,Audi,Model D,2011,3.3,137559,Petrol,Automatic,25936310.66350544
74,Toyota,Model C,2015,4.4,60692,Diesel,Manual,31637942.553880304
75,Toyota,Model D,2018,4.3,62112,Diesel,Manual,32975095.183410607
76,Audi,Model D,2007,3.8,162182,Diesel,Manual,26186290.378010653
77,BMW,Model B,2005,3.5,16360,Electric,Automatic,28876606.73366304
78,Ford,Model E,2009,2.0,180482,Diesel,Automatic,17198895.951445587
79,BMW,Model A,2004,4.0,83038,Petrol,Automatic,24977176.126019444
80,Toyota,Model E,2017,2.5,3017,Electric,Manual,32422389.85271645
81,Audi,Model C,2009,2.0,86261,Petrol,Automatic,26559136.30867799
82,Audi,Model E,2009,2.3,191196,Diesel,Manual,18619121.160928212
83,BMW,Model C,2006,3.9,182021,Petrol,Manual,25114947.306661937
84,BMW,Model C,2017,1.5,189340,Electric,Manual,18439534.60515992
85,Ford,Model A,2000,2.6,66320,Electric,Automatic,20819294.492658615
86,Honda,Model B,2006,2.7,31127,Petrol,Manual,24317939.11560689
87,Honda,Model A,2020,1.1,134268,Petrol,Automatic,23496942.789160747
88,Ford,Model E,2000,1.7,75088,Petrol,Manual,17699356.990781285
89,Honda,Model C,2014,3.9,172372,Electric,Manual,23758786.640002247
90,Toyota,Model D,2003,3.9,180786,Diesel,Manual,22721043.60997124
91,Honda,Model D,2019,2.0,31921,Petrol,Automatic,33749070.65768503
92,Ford,Model C,2009,4.1,4746,Diesel,Automatic,32267989.022928245
93,Honda,Model A,2008,3.7,68535,Electric,Manual,26024546.210221257
94,Audi,Model B,2001,2.5,65350,Petrol,Automatic,19866033.91444462
95,BMW,Model A,2013,3.6,181417,Petrol,Automatic,25112767.48295554
96,Toyota,Model C,2015,4.4,180292,Electric,Manual,26885701.90247235
97,Audi,Model C,2000,2.6,81131,Petrol,Manual,19853798.09280083
98,Audi,Model B,2001,1.8,22063,Diesel,Automatic,23079236.01460086
99,Ford,Model E,2006,4.3,117116,Electric,Manual,26526341.081820983
100,BMW,Model E,2009,3.1,88913,Electric,Manual,24946269.93994605
101,BMW,Model B,2021,1.4,78946,Petrol,Automatic,26778048.174623843
102,Toyota,Model E,2019,3.0,177043,Electric,Automatic,23005618.66634597
103,Ford,Model D,2000,2.8,134670,Petrol,Manual,18367763.348682925
104,Toyota,Model E,2012,4.0,10564,Petrol,Automatic,36806291.946265996
105,Honda,Model E,2000,2.9,49725,Electric,Automatic,20092423.46009751
106,Audi,Model E,2004,1.9,86134,Petrol,Manual,22692238.162068114
107,Toyota,Model D,2015,3.4,105940,Diesel,Manual,26651887.681306418
108,Audi,Model E,2014,2.9,191012,Diesel,Manual,21301336.928173825
109,Ford,Model D,2016,1.8,62085,Petrol,Manual,29325596.960235663
110,Honda,Model B,2015,3.0,17862,Diesel,Automatic,31096383.686675612
111,Ford,Model A,2012,3.9,10265,Petrol,Automatic,32783269.592980962
112,Honda,Model B,2010,1.1,140777,Diesel,Manual,19619339.51242473
113,Honda,Model A,2016,3.2,186351,Electric,Manual,22734554.676473185
114,Audi,Model B,2016,2.2,62471,Petrol,Manual,30066645.1118404
115,Ford,Model A,2001,2.0,91080,Petrol,Manual,18822835.62553442
116,Ford,Model A,2012,2.4,194051,Petrol,Automatic,17320429.502165515
117,Toyota,Model C,2013,2.2,55828,Petrol,Automatic,25323631.96173479
118,Ford,Model A,2010,3.9,116884,Petrol,Manual,19722494.305080216
119,Toyota,Model A,2009,2.0,108007,Petrol,Manual,22203634.06434929
120,BMW,Model C,2002,3.6,46104,Electric,Automatic,27502932.92669767
121,BMW,Model E,2016,1.3,40934,Electric,Automatic,25459000.344440088
122,BMW,Model E,2014,4.3,114420,Diesel,Automatic,30050076.51667699
123,Ford,Model C,2008,3.2,6050,Petrol,Automatic,29958634.768123813
124,Ford,Model D,2009,3.5,175024,Diesel,Manual,20245044.948824983
125,Toyota,Model A,2007,2.0,8484,Diesel,Automatic,29148868.312636342
126,Honda,Model A,2020,2.4,62648,Electric,Automatic,30122279.119550165
127,Toyota,Model C,2012,1.8,59945,Diesel,Automatic,29623286.759673107
128,BMW,Model C,2017,4.3,184750,Electric,Manual,23591142.061999556
129,Toyota,Model D,2004,2.7,31323,Diesel,Manual,24295578.896817517
130,Honda,Model E,2005,3.2,86332,Petrol,Automatic,23282895.951966688
131,Ford,Model B,2016,3.6,94605,Diesel,Automatic,29388523.95735864
132,Toyota,Model E,2010,2.3,166433,Electric,Manual,21711011.96857656
133,BMW,Model A,2019,3.5,10315,Electric,Manual,41780504.6353258
134,BMW,Model C,2015,3.4,47968,Electric,Automatic,31811732.307069518
135,Ford,Model D,2008,3.5,157591,Diesel,Manual,22168930.48525096
136,Toyota,Model E,2001,2.7,9107,Diesel,Automatic,22252250.95286496
137,Honda,Model D,2004,2.3,55781,Electric,Manual,19030737.054692492
138,Ford,Model E,2000,1.8,3869,Petrol,Automatic,24747071.662736177
139,Toyota,Model A,2003,3.9,80983,Petrol,Automatic,23157281.688168578
140,Audi,Model B,2003,3.1,158442,Diesel,Manual,23986216.706491232
141,BMW,Model D,2021,2.6,193767,Diesel,Automatic,26748073.236771118
142,Honda,Model D,2002,4.3,191494,Electric,Manual,19708418.946895927
143,Honda,Model B,2008,1.2,7971,Diesel,Manual,25789707.791784223
144,Honda,Model D,2021,4.0,96805,Diesel,Manual,33467703.53011093
145,BMW,Model D,2011,4.5,25651,Electric,Automatic,30828316.10927246
146,Toyota,Model E,2009,4.1,56974,Electric,Automatic,25348294.5923593
147,Ford,Model E,2001,3.8,23446,Diesel,Automatic,24826329.74696832
148,Toyota,Model B,2010,2.3,169180,Petrol,Manual,20104287.551612526
149,Ford,Model A,2009,1.8,3823,Diesel,Automatic,25613215.397543818
150,Honda,Model D,2021,3.6,144526,Petrol,Automatic,26901532.900080103
151,Toyota,Model A,2005,2.1,135004,Petrol,Automatic,17453379.37007505
152,Honda,Model B,2017,1.6,141292,Petrol,Automatic,25706864.933945883
153,Audi,Model B,2001,3.8,67965,Electric,Manual,25198141.56878829
154,Honda,Model E,2001,2.1,159280,Electric,Automatic,16078819.59180701
155,Honda,Model D,2009,4.2,10510,Electric,Manual,32548695.85260059
156,Ford,Model C,2015,3.9,175117,Diesel,Manual,23280283.064811338
157,Audi,Model B,2011,4.0,141609,Electric,Manual,23828700.416490387
158,Honda,Model D,2000,3.7,105935,Electric,Manual,21725280.14875638
159,Honda,Model A,2020,4.1,69134,Diesel,Automatic,31734282.338134356
160,Audi,Model E,2007,3.8,72254,Diesel,Automatic,26704096.496176418
161,Audi,Model A,2015,3.1,144854,Petrol,Automatic,22932250.811894454
162,Toyota,Model B,2017,2.0,114780,Diesel,Manual,22461774.141132772
163,Ford,Model B,2012,4.1,125544,Diesel,Automatic,28394957.512089755
164,Audi,Model A,2014,3.9,65587,Electric,Manual,32574741.704355523
165,Audi,Model B,2020,2.7,82238,Petrol,Automatic,29026458.01218512
166,BMW,Model D,2011,1.1,75720,Petrol,Automatic,19873074.835058227
167,Audi,Model B,2007,3.2,78004,Diesel,Automatic,20583055.6219742
168,Ford,Model E,2009,1.2,22072,Electric,Manual,28480400.29906886
169,Honda,Model D,2013,4.2,81015,Electric,Automatic,30072031.70700992
170,Honda,Model C,2004,4.4,72746,Electric,Manual,24946713.40566351
171,Honda,Model B,2017,1.7,176774,Electric,Manual,21333476.872345045
172,Honda,Model B,2018,3.4,102260,Diesel,Manual,25860335.499702133
173,BMW,Model E,2014,1.3,137129,Electric,Automatic,22983346.947532464
174,Audi,Model E,2005,3.6,128259,Petrol,Automatic,26287265.383770667
175,Honda,Model A,2010,2.2,30916,Petrol,Manual,25288685.982241247
176,Toyota,Model A,2020,3.4,27268,Diesel,Manual,39203514.07329373
177,Honda,Model A,2010,2.3,175050,Electric,Manual,19614690.2010778
178,Audi,Model E,2019,1.5,23259,Electric,Manual,33670556.25708734
179,Honda,Model A,2019,2.4,184655,Electric,Manual,24681692.08859138
180,BMW,Model A,2020,1.4,79400,Electric,Automatic,28442262.37800999
181,Ford,Model C,2017,3.0,34293,Diesel,Automatic,35473201.48503057
182,Ford,Model A,2017,1.1,111581,Electric,Automatic,25686357.877203703
183,Audi,Model B,2009,2.8,7043,Diesel,Manual,29497546.15666564
184,Ford,Model E,2001,4.1,181502,Electric,Manual,14742226.323856292
185,Ford,Model D,2008,3.9,107009,Electric,Automatic,22435132.86828753
186,Toyota,Model C,2013,4.1,38893,Petrol,Automatic,32672459.948037837
187,Audi,Model E,2018,4.2,171714,Diesel,Manual,30749866.610742483
188,Audi,Model E,2009,1.4,161940,Petrol,Manual,18459902.134492584
189,Ford,Model B,2003,1.5,26309,Diesel,Manual,21001940.72224211
190,Ford,Model A,2005,2.9,23284,Electric,Automatic,22457459.221656792
191,Ford,Model B,2013,4.1,126801,Electric,Manual,25792779.88503244
192,BMW,Model A,2003,4.4,113259,Diesel,Manual,23899012.258394074
193,Honda,Model A,2014,1.2,100804,Petrol,Manual,21646886.69550848
194,BMW,Model E,2015,2.2,69000,Diesel,Automatic,25521107.45920507
195,Audi,Model A,2006,1.7,84179,Diesel,Manual,21088815.47304672
196,Toyota,Model C,2016,3.6,193179,Electric,Automatic,27437873.34024478
197,Honda,Model C,2018,3.2,65049,Petrol,Manual,32516988.775776837
198,Toyota,Model C,2018,1.4,29265,Diesel,Manual,29908493.570740238
199,Audi,Model E,2016,2.7,23880,Petrol,Automatic,31582972.761520844
200,Audi,Model B,2005,3.4,84579,Petrol,Manual,25173403.404714283
201,Toyota,Model D,2010,3.7,131327,Diesel,Automatic,24613386.84843462
202,Toyota,Model A,2015,1.1,132574,Petrol,Manual,21249136.76464303
203,Toyota,Model D,2007,4.1,65424,Electric,Automatic,28905187.918516543
204,Audi,Model B,2010,3.0,70966,Electric,Manual,26000909.43567536
205,Ford,Model B,2006,3.8,172438,Electric,Automatic,18600905.19506473
206,Toyota,Model E,2021,3.8,158497,Electric,Automatic,32061750.020259578
207,Honda,Model C,2018,1.7,183400,Petrol,Manual,18490145.409903836
208,Audi,Model C,2009,1.4,67396,Electric,Automatic,25966845.64913463
209,BMW,Model B,2008,3.5,71694,Diesel,Manual,27428210.493015528
210,BMW,Model E,2003,1.5,136878,Electric,Automatic,14717798.534521345
211,Honda,Model E,2014,4.0,17106,Diesel,Manual,33193209.107773982
212,Ford,Model A,2012,3.5,56731,Diesel,Manual,28305723.198605467
213,Toyota,Model C,2001,3.9,75010,Electric,Manual,25164951.456710096
214,Audi,Model B,2001,2.0,32599,Electric,Manual,23445912.50499211
215,Toyota,Model D,2015,2.1,71326,Petrol,Automatic,28056427.042160187
216,Audi,Model C,2008,3.3,75706,Diesel,Manual,27307466.161967132
217,BMW,Model A,2012,1.1,9004,Electric,Manual,26520135.149827562
218,Toyota,Model E,2002,3.5,115018,Petrol,Manual,24772450.19038796
219,Honda,Model B,2008,3.9,182436,Electric,Manual,24125413.76691525
220,Ford,Model C,2012,2.5,25792,Electric,Manual,27756388.56335729
221,Honda,Model D,2020,3.7,195984,Electric,Automatic,28222523.432066448
222,Ford,Model A,2021,1.6,54645,Diesel,Manual,31414914.571820114
223,Toyota,Model A,2001,2.1,7232,Electric,Automatic,22818876.689424653
224,Toyota,Model C,2007,4.4,54766,Petrol,Automatic,27885186.71150585
225,Ford,Model D,2008,4.5,120601,Electric,Manual,28398966.023555607
226,BMW,Model A,2015,2.8,81588,Electric,Manual,27991212.493948877
227,Audi,Model B,2001,4.3,179614,Petrol,Automatic,19639643.780672908
228,Honda,Model A,2005,2.8,5913,Petrol,Automatic,29606558.13092816
229,Honda,Model D,2021,2.0,112406,Diesel,Automatic,32946378.001395687
230,Honda,Model E,2007,1.9,113693,Diesel,Manual,19562100.10603887
231,Toyota,Model E,2004,4.3,93449,Diesel,Automatic,24485749.498157784
232,Honda,Model C,2008,1.6,10567,Diesel,Automatic,25819658.02388573
233,Audi,Model D,2000,3.0,38379,Petrol,Manual,23274522.865476027
234,Audi,Model A,2008,2.9,319,Electric,Automatic,29536759.77722378
235,Ford,Model A,2009,3.6,90005,Electric,Manual,25219392.983726
236,Toyota,Model E,2003,2.7,110990,Electric,Automatic,17818117.960774347
237,Audi,Model E,2002,2.0,4791,Diesel,Manual,27268100.489699498
238,BMW,Model B,2009,1.6,131401,Petrol,Automatic,21354115.001607567
239,Toyota,Model E,2014,3.2,61032,Petrol,Manual,28511328.533321023
240,Toyota,Model B,2010,3.5,175150,Petrol,Manual,23116726.015841465
241,Audi,Model A,2013,3.0,88662,Electric,Automatic,30732801.05190751
242,BMW,Model B,2005,3.6,21300,Diesel,Manual,26058956.762448687
243,Ford,Model B,2011,1.5,75700,Petrol,Automatic,24137280.42615392
244,Audi,Model C,2012,4.1,182017,Diesel,Manual,21319420.51819694
245,BMW,Model E,2016,3.0,55609,Petrol,Manual,29982866.752252363
246,Toyota,Model B,2015,1.4,191634,Diesel,Manual,20951490.772229116
247,BMW,Model A,2002,2.6,90045,Petrol,Manual,18468303.488089982
248,Toyota,Model D,2001,4.0,61901,Diesel,Manual,24030547.26178305
249,Audi,Model B,2010,4.1,5703,Petrol,Manual,33514704.599059835
250,Audi,Model E,2008,1.9,63115,Petrol,Manual,24822650.264465176
251,Honda,Model C,2002,3.5,27676,Diesel,Automatic,23300936.63814228
252,Honda,Model A,2017,1.3,192782,Diesel,Automatic,21208449.749804482
253,Honda,Model C,2019,1.1,191149,Electric,Manual,22259987.674374755
254,Audi,Model D,2014,3.0,121332,Diesel,Manual,26149371.033372063
255,Ford,Model B,2013,3.4,176512,Petrol,Manual,25653078.618633382
256,Audi,Model B,2001,3.8,167995,Petrol,Automatic,17521355.362720616
257,BMW,Model E,2016,2.2,29802,Diesel,Manual,30734868.925583024
258,Audi,Model B,2021,1.0,90331,Electric,Automatic,24653049.42589353
259,Audi,Model A,2007,2.7,193976,Diesel,Manual,14999948.313633243
260,Toyota,Model D,2009,1.1,191234,Petrol,Manual,17700457.962430544
261,Toyota,Model C,2017,1.3,124786,Petrol,Manual,23901824.940859657
262,Toyota,Model D,2018,2.1,65169,Electric,Manual,28014714.857767805
263,Audi,Model B,2007,2.5,68147,Diesel,Manual,21962337.971809283
264,Ford,Model C,2007,2.0,22075,Petrol,Automatic,27050454.76352668
265,BMW,Model E,2002,3.0,82015,Petrol,Manual,18883221.254734345
266,BMW,Model D,2002,1.2,9304,Petrol,Automatic,23920554.93637738
267,Ford,Model C,2011,1.5,129851,Diesel,Automatic,21909444.74086523
268,Ford,Model C,2021,3.4,120729,Diesel,Manual,27347967.223970298
269,BMW,Model C,2016,1.5,59622,Electric,Manual,27270822.829757277
270,Honda,Model A,2003,3.2,54215,Petrol,Manual,29496699.750732705
271,Toyota,Model D,2016,1.2,73973,Petrol,Automatic,28080186.56892695
272,Toyota,Model C,2013,2.4,108654,Electric,Automatic,23211245.641624678
273,BMW,Model D,2018,1.6,143593,Petrol,Automatic,25453761.36447742
274,Ford,Model C,2008,1.4,24028,Electric,Manual,21766773.74092624
275,Honda,Model E,2020,3.0,39328,Electric,Automatic,30290971.647787753
276,BMW,Model E,2011,4.2,27301,Petrol,Automatic,31400338.660064567
277,Toyota,Model E,2004,1.2,38015,Diesel,Automatic,22602554.53715815
278,Audi,Model B,2010,2.5,36845,Diesel,Manual,28780410.63784284
279,Ford,Model C,2019,3.5,86818,Diesel,Automatic,32809467.449106734
280,Audi,Model B,2002,2.6,76394,Diesel,Automatic,22369800.225070402
281,BMW,Model D,2020,3.8,175231,Petrol,Manual,24610467.7458078
282,Toyota,Model B,2014,1.6,43714,Electric,Manual,26892436.72970543
283,Honda,Model D,2013,4.4,80722,Electric,Manual,32201263.78326245
284,Audi,Model D,2010,2.3,25230,Petrol,Automatic,28225081.853214853
285,Honda,Model D,2019,2.2,92554,Diesel,Automatic,28636512.064114653
286,Toyota,Model B,2007,4.1,49262,Electric,Automatic,28895351.73382063
287,Audi,Model C,2003,3.0,41722,Petrol,Manual,25038939.75955444
288,Honda,Model B,2011,2.8,177431,Petrol,Automatic,17298655.434046313
289,Honda,Model C,2007,3.5,62796,Diesel,Manual,28669982.285270788
290,Audi,Model C,2005,3.0,171231,Petrol,Manual,18717384.185026426
291,Toyota,Model D,2014,1.6,87052,Electric,Automatic,26262572.914971117
292,Honda,Model B,2011,3.4,100808,Electric,Automatic,21648308.989591565
293,BMW,Model C,2015,1.5,136311,Petrol,Automatic,26006433.808281247
294,Audi,Model E,2015,3.8,91951,Electric,Manual,27189626.712454244
295,Ford,Model C,2020,4.5,50886,Petrol,Manual,40538382.06406105
296,Ford,Model E,2019,2.3,103424,Electric,Automatic,32167280.7744579
297,Toyota,Model B,2019,2.6,158267,Diesel,Manual,23136817.961155076
298,BMW,Model B,2003,1.2,104697,Electric,Automatic,19299223.372518383
299,Honda,Model B,2010,1.0,96299,Diesel,Automatic,19150626.28419968
300,Ford,Model C,2012,4.2,165746,Diesel,Automatic,23833887.928250957
301,Toyota,Model A,2008,1.5,149177,Petrol,Manual,17307484.798045665
302,BMW,Model C,2003,2.6,160811,Diesel,Manual,18555311.346758783
303,BMW,Model C,2011,3.9,163041,Electric,Automatic,24797223.580858804
304,Toyota,Model D,2008,4.1,14497,Electric,Automatic,28071968.356653105
305,Toyota,Model D,2012,2.8,132888,Diesel,Manual,24835502.80680622
306,Honda,Model C,2015,3.0,118915,Petrol,Automatic,26146031.747013118
307,Toyota,Model E,2005,3.3,92019,Diesel,Manual,19857944.23667752
308,Honda,Model D,2009,4.4,190326,Electric,Automatic,21915635.472461976
309,Honda,Model C,2012,3.1,109017,Electric,Manual,29070003.706986696
310,Audi,Model A,2006,3.0,69385,Diesel,Automatic,23730187.45759413
311,BMW,Model E,2018,1.1,105153,Diesel,Manual,21271276.377948187
312,BMW,Model B,2018,1.3,33826,Diesel,Automatic,30537633.46549701
313,BMW,Model C,2016,3.0,110034,Electric,Manual,25643279.63058028
314,Audi,Model C,2012,4.3,194437,Electric,Manual,24307007.86082489
315,Honda,Model E,2012,4.0,84242,Electric,Manual,28443927.009183645
316,Honda,Model D,2020,4.4,123066,Petrol,Manual,35170040.464273766
317,Toyota,Model D,2001,2.8,50100,Electric,Automatic,22252433.351071626
318,Audi,Model D,2009,3.8,125170,Electric,Manual,22552321.449320447
319,Toyota,Model B,2021,3.9,135431,Petrol,Manual,29590754.791876353
320,Audi,Model E,2012,3.3,96205,Petrol,Automatic,24332197.70190073
321,Toyota,Model E,2008,2.2,12809,Petrol,Manual,26341020.576671183
322,Ford,Model D,2000,2.6,64450,Petrol,Automatic,24517081.46567422
323,BMW,Model D,2013,4.0,38428,Petrol,Manual,34075536.078845516
324,BMW,Model A,2015,2.0,72790,Petrol,Manual,30942881.00638817
325,Honda,Model A,2019,4.2,111126,Diesel,Manual,32302200.19179345
326,Ford,Model C,2014,1.8,90321,Diesel,Manual,25370150.4152862
327,BMW,Model C,2000,3.6,2093,Diesel,Manual,24098763.88335786
328,Honda,Model E,2016,3.2,44498,Diesel,Manual,31714435.57797456
329,Ford,Model E,2012,3.6,116251,Electric,Automatic,26126727.438041303
330,BMW,Model B,2014,2.5,40985,Petrol,Automatic,30508004.72928432
331,Toyota,Model B,2015,4.3,32009,Electric,Manual,31255040.0424142
332,Audi,Model A,2015,3.2,128515,Petrol,Manual,26579614.90862016
333,Ford,Model C,2001,2.0,17718,Petrol,Automatic,19467105.751971137
334,Honda,Model A,2016,3.2,16705,Electric,Automatic,33239975.18511037
335,Ford,Model A,2010,2.0,87618,Diesel,Manual,24970603.763018407
336,Honda,Model C,2007,2.0,62598,Electric,Manual,20127079.816822335
337,Ford,Model B,2019,2.4,77878,Electric,Manual,26726595.49262799
338,Honda,Model C,2002,4.0,12239,Petrol,Manual,24796089.958704464
339,BMW,Model D,2011,2.8,46622,Petrol,Manual,27413650.08271336
340,Toyota,Model D,2019,3.4,46665,Petrol,Manual,30171780.774339117
341,BMW,Model D,2015,2.4,32274,Diesel,Automatic,32443280.444305465
342,Toyota,Model E,2013,1.9,142491,Electric,Manual,23047755.96301607
343,BMW,Model B,2015,4.3,108368,Electric,Manual,30879679.15946868
344,BMW,Model B,2020,3.1,146075,Diesel,Automatic,24718154.22877333
345,Ford,Model E,2016,4.3,161938,Electric,Automatic,30089456.171056446
346,Audi,Model A,2010,1.7,153060,Electric,Automatic,21046218.880197123
347,Honda,Model D,2016,1.5,186966,Petrol,Automatic,19287008.72024147
348,Honda,Model D,2018,4.0,108563,Diesel,Manual,27488314.150590397
349,Honda,Model A,2021,3.4,136746,Petrol,Automatic,29310445.553862184
350,Toyota,Model C,2000,1.7,93103,Diesel,Automatic,16811987.175277453
351,Honda,Model C,2011,1.9,66446,Petrol,Manual,24127846.32888608
352,Honda,Model B,2014,3.8,29072,Electric,Automatic,30735536.00784353
353,Ford,Model E,2017,2.6,33717,Diesel,Automatic,32457021.814688172
354,BMW,Model B,2013,3.3,157723,Diesel,Manual,19012699.960941337
355,Honda,Model C,2000,2.1,117202,Petrol,Manual,20199755.58066418
356,Audi,Model A,2012,2.3,175363,Diesel,Manual,22828082.97743224
357,Honda,Model B,2014,4.5,122389,Electric,Manual,29301920.37659096
358,Toyota,Model D,2006,1.9,109525,Electric,Manual,20035578.85909501
359,Toyota,Model D,2014,2.8,194422,Electric,Manual,24045001.311107166
360,Toyota,Model A,2019,4.0,4646,Petrol,Manual,36183181.687812604
361,Honda,Model C,2009,1.8,39713,Diesel,Automatic,24557491.03095305
362,Ford,Model D,2013,2.5,67936,Petrol,Automatic,29380636.1357122
363,Audi,Model D,2005,3.2,175403,Electric,Manual,23316641.450099852
364,Honda,Model E,2013,2.7,22185,Diesel,Automatic,27848736.353178725
365,Ford,Model B,2021,2.6,84263,Electric,Manual,31336448.62695357
366,Ford,Model C,2011,2.3,52107,Diesel,Automatic,24321866.24424491
367,Honda,Model B,2010,3.1,197626,Diesel,Manual,21321979.364521723
368,Honda,Model C,2019,3.2,17563,Petrol,Automatic,32465487.043249
369,Ford,Model D,2021,3.3,70729,Diesel,Manual,34986646.513823524
370,Ford,Model E,2018,1.2,15701,Electric,Automatic,29414711.196077503
371,Ford,Model B,2001,3.2,179289,Diesel,Manual,17028507.338409573
372,Honda,Model D,2021,4.3,175682,Electric,Automatic,32578130.19491117
373,Ford,Model C,2019,2.9,181203,Petrol,Automatic,23773844.16177527
374,Toyota,Model B,2000,3.5,128331,Electric,Manual,20953134.388211183
375,Honda,Model B,2007,2.9,160482,Diesel,Automatic,19008993.116232604
376,Toyota,Model D,2013,4.0,99280,Electric,Automatic,30928595.08768628
377,BMW,Model B,2008,4.3,189787,Electric,Automatic,25684160.897660647
378,Honda,Model E,2001,1.6,38665,Diesel,Automatic,20240935.60425007
379,BMW,Model E,2004,2.5,15957,Electric,Automatic,20813969.200477503
380,Ford,Model D,2007,2.4,179199,Diesel,Manual,16963775.875696823
381,Ford,Model C,2015,2.4,194661,Petrol,Manual,26432222.64804351
382,Audi,Model D,2021,1.4,46008,Electric,Automatic,28815371.613620598
383,Ford,Model E,2015,3.8,61920,Petrol,Manual,34546042.30079612
384,BMW,Model A,2012,1.1,163947,Electric,Automatic,17790078.01974151
385,Ford,Model A,2019,2.8,113828,Electric,Manual,27146601.288212065
386,Honda,Model B,2014,3.3,123852,Petrol,Automatic,27965775.154001612
387,Ford,Model B,2000,1.7,132698,Electric,Automatic,17083781.990138225
388,Audi,Model A,2021,4.2,90815,Electric,Automatic,35063598.36264381
389,Ford,Model E,2002,3.9,194894,Petrol,Automatic,18065121.117127102
390,BMW,Model B,2005,2.6,164714,Electric,Manual,20533020.19602912
391,BMW,Model D,2021,2.4,38311,Diesel,Manual,34307450.18860794
392,Ford,Model D,2013,1.8,32356,Electric,Manual,29780256.12599659
393,BMW,Model E,2003,3.6,3809,Electric,Automatic,26262431.889401723
394,BMW,Model B,2017,1.5,174443,Electric,Manual,23845108.405557822
395,Audi,Model D,2014,3.4,34875,Petrol,Manual,30013577.71506569
396,Honda,Model B,2008,3.9,9465,Diesel,Automatic,30012547.540020984
397,Audi,Model B,2017,1.8,197167,Diesel,Automatic,20886395.924753405
398,Toyota,Model D,2002,4.0,73844,Electric,Automatic,22311592.178104457
399,Audi,Model A,2009,1.1,196322,Petrol,Manual,12412864.779280545
400,Ford,Model D,2016,4.2,86889,Petrol,Manual,33502998.085009445
401,Honda,Model E,2006,1.4,15250,Diesel,Automatic,22633000.91527371
402,Ford,Model C,2014,3.3,46023,Petrol,Manual,29759370.550849814
403,Toyota,Model D,2000,1.9,101350,Electric,Automatic,16271066.439802703
404,Honda,Model B,2010,3.9,177696,Electric,Manual,22401890.926595405
405,BMW,Model B,2016,2.8,16427,Petrol,Automatic,30766844.119215272
406,Audi,Model D,2004,1.5,164348,Electric,Manual,18340767.73888485
407,Ford,Model C,2006,3.0,71643,Diesel,Manual,23236841.70280647
408,Toyota,Model D,2018,2.4,134511,Electric,Manual,29503558.295522016
409,BMW,Model C,2014,3.3,78672,Petrol,Automatic,30944942.798394203
410,Audi,Model C,2002,4.1,17300,Diesel,Automatic,26386106.017011043
411,BMW,Model E,2014,2.4,60289,Electric,Automatic,28425173.26959236
412,Audi,Model B,2004,2.0,148254,Diesel,Manual,18625992.65919427
413,Honda,Model B,2011,1.1,181984,Petrol,Automatic,19284014.40751678
414,BMW,Model C,2019,3.0,157981,Electric,Manual,28481884.015442863
415,BMW,Model B,2004,2.4,19659,Electric,Automatic,25190315.31302548
416,BMW,Model A,2002,2.3,162475,Diesel,Automatic,14567403.80071618
417,Honda,Model C,2008,1.6,164658,Electric,Manual,19248876.64902724
418,Toyota,Model B,2008,2.5,10360,Electric,Manual,27008987.249084953
419,Audi,Model A,2006,4.4,21424,Electric,Automatic,24150390.01597226
420,BMW,Model E,2001,2.0,98035,Electric,Automatic,19378806.954119094
421,Honda,Model B,2020,3.1,48791,Petrol,Manual,31292229.89752252
422,Toyota,Model A,2015,3.7,134137,Electric,Manual,26276373.846292626
423,Audi,Model D,2008,3.6,199867,Diesel,Automatic,20218692.271633387
424,Honda,Model D,2012,2.2,12300,Petrol,Manual,25677705.91326012
425,Audi,Model A,2018,3.1,33370,Diesel,Automatic,32809582.954226773
426,BMW,Model C,2019,4.0,27209,Diesel,Automatic,34506135.11145146
427,Toyota,Model C,2016,1.1,20927,Diesel,Automatic,26399210.02822621
428,Honda,Model B,2005,2.5,34579,Petrol,Manual,24863533.650036402
429,Toyota,Model D,2003,1.8,9032,Petrol,Automatic,20268007.5647344
430,BMW,Model C,2000,2.4,93254,Petrol,Automatic,19288553.556780808
431,Toyota,Model C,2017,2.5,78413,Electric,Manual,29520547.82700672
432,Toyota,Model D,2018,3.6,171803,Diesel,Manual,27220347.319235142
433,Ford,Model E,2008,1.3,113528,Petrol,Manual,21501368.415097285
434,Toyota,Model C,2012,2.8,184839,Diesel,Automatic,23688754.765104238
435,Audi,Model A,2007,3.0,123916,Petrol,Manual,22141504.545928504
436,Honda,Model B,2012,2.7,72302,Petrol,Manual,28975798.969017904
437,Ford,Model C,2014,3.6,181026,Petrol,Automatic,23978529.66869796
438,Honda,Model C,2010,2.3,85757,Diesel,Automatic,22913228.252901446
439,Honda,Model E,2011,4.3,156174,Electric,Automatic,24505798.76320584
440,BMW,Model A,2013,2.7,165505,Petrol,Automatic,23158705.17974332
441,BMW,Model B,2003,3.0,15932,Petrol,Manual,27873755.69634464
442,Ford,Model C,2000,3.9,25714,Petrol,Automatic,25517225.709627584
443,BMW,Model B,2003,2.0,57803,Electric,Manual,20262536.256793614
444,BMW,Model D,2018,1.3,170815,Diesel,Automatic,24947770.09364076
445,BMW,Model C,2008,3.5,133624,Diesel,Automatic,20449166.97730669
446,Honda,Model C,2009,2.7,56627,Diesel,Manual,24734239.23104735
447,Ford,Model D,2003,4.1,177059,Diesel,Manual,21632618.756453976
448,Honda,Model E,2019,4.4,79810,Petrol,Manual,36842414.49307512
449,Audi,Model C,2008,2.4,45380,Electric,Automatic,26492362.52844079
450,Honda,Model B,2012,2.5,160322,Petrol,Automatic,22483675.116327662
451,Audi,Model A,2011,2.4,199416,Electric,Manual,18747469.65961865
452,Toyota,Model B,2010,2.1,64686,Diesel,Manual,26061842.31609852
453,Toyota,Model E,2011,3.7,120321,Electric,Automatic,26142685.342021625
454,Audi,Model A,2017,3.7,45028,Petrol,Manual,31139537.291970912
455,Audi,Model B,2011,2.7,146367,Petrol,Manual,21963662.46325903
456,Honda,Model B,2015,1.2,113141,Diesel,Automatic,21508058.00663881
457,Audi,Model D,2004,2.1,55248,Petrol,Manual,22464831.228761654
458,Ford,Model E,2019,2.0,10523,Petrol,Automatic,32297528.9460852
459,Toyota,Model D,2011,3.8,45530,Electric,Automatic,33092266.397295527
460,Toyota,Model A,2020,1.3,13769,Petrol,Automatic,29716755.748618763
461,Audi,Model D,2010,3.8,194114,Diesel,Manual,21532746.490393024
462,BMW,Model E,2008,3.3,112035,Diesel,Manual,26516612.643026408
463,BMW,Model C,2017,3.6,175717,Petrol,Manual,29524328.700915784
464,Audi,Model C,2002,2.5,193214,Diesel,Manual,16288721.954797328
465,Ford,Model A,2019,3.4,156629,Electric,Automatic,26961423.657103594
466,BMW,Model C,2016,3.1,79782,Electric,Automatic,28264864.66545809
467,Audi,Model D,2013,3.7,78382,Petrol,Manual,25294766.37027943
468,Ford,Model A,2000,2.6,168157,Petrol,Manual,13936613.401808593
469,Ford,Model E,2016,2.7,181780,Electric,Manual,23514124.847007215
470,Honda,Model A,2007,3.3,182429,Diesel,Manual,19616578.26797136
471,Ford,Model A,2004,1.4,110939,Petrol,Automatic,19499865.947990052
472,BMW,Model B,2004,2.5,144542,Petrol,Manual,18382494.426341664
473,BMW,Model B,2008,4.4,78712,Diesel,Automatic,26412285.40672558
474,Audi,Model A,2002,1.1,118643,Petrol,Manual,16950538.518690646
475,Audi,Model C,2018,2.1,107417,Diesel,Manual,31839680.49094693
476,Ford,Model B,2008,2.1,137877,Diesel,Manual,19671451.665206946
477,Toyota,Model E,2021,3.2,128256,Diesel,Automatic,29764975.042690758
478,Honda,Model D,2017,1.4,193100,Diesel,Manual,22338851.162425358
479,Toyota,Model B,2015,3.2,181844,Diesel,Automatic,22664563.216861468
480,Ford,Model A,2000,1.3,183176,Electric,Automatic,14986715.073270768
481,Ford,Model C,2001,1.3,101422,Diesel,Manual,13870819.777764143
482,Toyota,Model D,2013,3.5,89300,Electric,Automatic,27219545.965462763
483,Honda,Model B,2013,2.1,6630,Diesel,Automatic,28746058.20498289
484,Toyota,Model C,2000,4.4,124474,Petrol,Automatic,21878615.49050721
485,Audi,Model C,2015,1.1,98869,Electric,Manual,19813587.40002017
486,BMW,Model C,2014,2.6,15701,Petrol,Automatic,33120429.7893222
487,Audi,Model A,2014,1.4,145931,Diesel,Automatic,22331885.16990167
488,BMW,Model E,2011,2.2,152255,Diesel,Manual,23532912.890998255
489,Ford,Model C,2015,4.5,171510,Petrol,Manual,30150571.474927742
490,Honda,Model D,2013,4.1,97285,Diesel,Automatic,27354622.44332589
491,Toyota,Model B,2014,1.2,117556,Petrol,Automatic,17533491.998554405
492,Honda,Model D,2014,3.0,173316,Diesel,Automatic,25626932.150593664
493,Toyota,Model A,2018,3.3,15021,Diesel,Automatic,33276184.65965322
494,Audi,Model A,2007,1.7,186637,Electric,Manual,14301813.00825588
495,Audi,Model D,2001,1.5,179115,Petrol,Manual,14696849.30608102
496,Toyota,Model E,2001,4.2,64361,Diesel,Automatic,29609063.86426452
497,Honda,Model A,2009,4.4,132317,Petrol,Manual,25466337.00972334
498,Toyota,Model A,2002,4.5,172083,Electric,Automatic,22298082.614604633
499,Ford,Model D,2016,3.8,10355,Petrol,Manual,32107244.413061064
500,Audi,Model A,2007,3.3,98841,Electric,Manual,20784434.469100896
501,Ford,Model E,2003,2.2,179764,Petrol,Automatic,17739680.93864598
502,Audi,Model E,2013,1.6,180076,Petrol,Automatic,20788346.343616538
503,Audi,Model E,2020,1.3,160786,Electric,Automatic,22629294.33068185
504,BMW,Model B,2009,3.4,17198,Diesel,Automatic,32852538.61605079
505,Ford,Model E,2000,3.7,66951,Diesel,Manual,19523472.060686193
506,Ford,Model E,2003,3.9,132724,Diesel,Manual,19203739.84815596
507,BMW,Model B,2000,4.2,174697,Petrol,Automatic,17579414.810494926
508,Honda,Model C,2016,4.1,18740,Petrol,Manual,33550205.985358793
509,Ford,Model A,2016,4.5,3810,Diesel,Manual,38740209.415057234
510,Toyota,Model E,2006,1.9,123743,Petrol,Automatic,19711245.875621524
511,BMW,Model A,2019,3.7,147641,Petrol,Automatic,28132042.020800464
512,Ford,Model D,2014,3.1,99855,Diesel,Manual,24667236.46441823
513,Honda,Model A,2012,1.9,26783,Electric,Automatic,29634117.083683062
514,Ford,Model B,2001,4.4,121701,Petrol,Automatic,19941668.233065523
515,Audi,Model A,2018,4.1,78047,Petrol,Manual,29748427.41727965
516,Toyota,Model A,2012,1.4,9471,Petrol,Manual,26525933.71810565
517,BMW,Model A,2010,1.1,110771,Petrol,Automatic,20987838.049310338
518,Audi,Model C,2021,3.4,6163,Electric,Manual,34551564.79967938
519,Honda,Model C,2014,3.1,194159,Diesel,Automatic,23906085.00591521
520,Audi,Model D,2009,4.3,62071,Petrol,Automatic,28430497.446038507
521,Audi,Model B,2008,1.8,16065,Diesel,Manual,27902287.87922317
522,Honda,Model A,2008,1.3,122323,Petrol,Manual,20494071.224166144
523,Audi,Model A,2019,1.9,117969,Electric,Automatic,29984508.68072827
524,BMW,Model A,2000,1.1,83456,Diesel,Automatic,16142742.148245025
525,Ford,Model A,2016,1.1,179420,Electric,Automatic,21916942.04881119
526,Audi,Model C,2011,4.2,19154,Petrol,Manual,28368677.55637264
527,BMW,Model D,2009,2.2,105703,Electric,Automatic,28398167.386151783
528,Ford,Model E,2004,2.4,20229,Electric,Manual,26376443.066942517
529,Ford,Model B,2017,1.1,52587,Petrol,Automatic,26478035.55555456
530,Audi,Model A,2014,1.9,49713,Petrol,Manual,26796099.578734294
531,BMW,Model D,2005,3.8,158069,Diesel,Automatic,20702503.852725465
532,Audi,Model E,2006,3.2,21101,Petrol,Manual,31025023.246203348
533,Honda,Model D,2016,3.6,40391,Diesel,Automatic,33977549.000682436
534,Ford,Model C,2005,2.6,72723,Electric,Automatic,22177213.395229302
535,Audi,Model E,2007,2.1,190477,Electric,Automatic,14698519.963751435
536,Ford,Model D,2011,2.7,166020,Diesel,Automatic,23991209.27101583
537,BMW,Model C,2020,2.1,100264,Petrol,Manual,29863897.852627248
538,Toyota,Model D,2013,3.9,184103,Petrol,Manual,25507591.394501198
539,Audi,Model D,2011,2.0,37921,Electric,Manual,26436461.1292362
540,Audi,Model E,2009,3.3,28460,Diesel,Manual,28077765.10217848
541,Ford,Model C,2021,1.5,152143,Electric,Manual,28263297.02295948
542,BMW,Model A,2019,3.4,197190,Electric,Automatic,28997038.478608955
543,Honda,Model B,2014,4.2,179354,Petrol,Manual,26712549.75128324
544,BMW,Model E,2006,3.1,91725,Diesel,Manual,25553431.729679815
545,Audi,Model C,2008,3.0,58445,Electric,Manual,26549946.32834142
546,Honda,Model D,2009,4.4,82208,Petrol,Manual,25449628.455066193
547,BMW,Model C,2009,3.2,185888,Electric,Automatic,18646114.48798071
548,Toyota,Model B,2015,1.9,106283,Electric,Automatic,27278213.80609888
549,Ford,Model B,2006,2.0,85779,Petrol,Automatic,24258460.69562238
550,BMW,Model A,2004,3.5,3060,Petrol,Automatic,29955254.016619243
551,BMW,Model A,2002,3.6,125806,Diesel,Manual,21601804.620174065
552,Toyota,Model B,2017,2.1,13731,Electric,Manual,33196047.912590533
553,Audi,Model E,2010,2.2,77830,Diesel,Automatic,24392225.411001537
554,Ford,Model E,2014,4.5,115871,Petrol,Automatic,30449230.673076604
555,BMW,Model D,2020,1.4,20719,Petrol,Manual,30354685.26375977
556,Honda,Model A,2019,2.4,178114,Electric,Manual,22280728.733700234
557,BMW,Model D,2004,1.2,49116,Diesel,Automatic,22673343.944994535
558,Ford,Model A,2011,3.9,26325,Diesel,Automatic,33533998.809322286
559,BMW,Model B,2003,1.3,153669,Electric,Automatic,20364467.560833436
560,Toyota,Model E,2014,3.4,198511,Electric,Automatic,23402508.00279199
561,BMW,Model E,2008,1.2,14551,Diesel,Manual,22576830.363243543
562,BMW,Model B,2006,3.4,93287,Petrol,Manual,23478768.525342375
563,Honda,Model D,2009,4.0,24278,Petrol,Manual,30014317.22894964
564,Toyota,Model D,2012,2.4,15141,Electric,Automatic,29339945.61325582
565,Toyota,Model C,2007,2.8,67913,Diesel,Manual,25646102.513476864
566,BMW,Model A,2011,2.4,33615,Diesel,Manual,28345188.584793337
567,Honda,Model D,2021,2.1,122058,Diesel,Automatic,29151264.51693051
568,BMW,Model B,2018,3.8,193823,Petrol,Automatic,26303696.095385164
569,BMW,Model D,2000,2.0,112684,Petrol,Automatic,12915208.194446448
570,Ford,Model E,2015,3.5,27452,Diesel,Automatic,32581667.6573869
571,Ford,Model A,2021,1.7,153797,Diesel,Automatic,25383611.52261438
572,Honda,Model C,2016,1.9,50391,Electric,Automatic,29380983.727641866
573,Audi,Model A,2017,2.2,120288,Electric,Manual,25162635.58884495
574,Ford,Model E,2010,3.1,113535,Diesel,Manual,24970301.44895278
575,Audi,Model E,2017,2.6,142770,Diesel,Manual,26673984.375057768
576,Toyota,Model E,2006,3.6,86711,Petrol,Manual,24544365.59653863
577,Ford,Model E,2017,1.7,77850,Diesel,Manual,28359241.20446056
578,Ford,Model B,2007,1.0,109733,Electric,Manual,19153599.864929687
579,Honda,Model C,2005,3.7,2365,Petrol,Automatic,29095067.6646302
580,Audi,Model E,2006,3.9,97662,Electric,Automatic,19071482.401886
581,Ford,Model E,2021,1.2,43372,Electric,Automatic,27443625.430348955
582,Ford,Model D,2009,3.1,44134,Petrol,Manual,25210968.3686807
583,Honda,Model C,2010,2.3,37823,Electric,Manual,27141514.435799338
584,Honda,Model A,2012,3.8,71158,Diesel,Automatic,31585430.466593
585,Audi,Model C,2008,4.1,96076,Electric,Automatic,26159369.790567745
586,Toyota,Model C,2006,4.0,133021,Petrol,Automatic,25045546.358609736
587,Toyota,Model C,2008,3.7,49396,Petrol,Automatic,29226705.31265174
588,BMW,Model E,2012,1.9,108336,Petrol,Automatic,23662986.84694064
589,Ford,Model E,2002,3.8,31912,Electric,Manual,27152353.40166336
590,Audi,Model B,2002,2.9,56947,Diesel,Manual,23444537.437663678
591,Ford,Model A,2000,1.2,44387,Petrol,Manual,18896089.006414447
592,Audi,Model D,2020,2.6,195037,Diesel,Automatic,25230310.699333068
593,Audi,Model C,2019,4.3,16508,Petrol,Manual,39167862.81960346
594,Audi,Model A,2001,4.1,45592,Diesel,Automatic,26365897.946951393
595,Ford,Model A,2002,1.4,109249,Diesel,Manual,17773492.240077317
596,Honda,Model B,2014,3.6,1919,Diesel,Automatic,31349148.83766104
597,Ford,Model D,2005,3.8,42595,Petrol,Automatic,29802000.29852922
598,Audi,Model C,2012,1.9,140689,Electric,Manual,18951452.93800211
599,BMW,Model D,2020,2.7,33298,Electric,Manual,29322973.838803794
600,Toyota,Model B,2000,3.5,138001,Electric,Manual,19842871.37663502
601,Audi,Model E,2019,2.5,14456,Diesel,Manual,31015679.617770556
602,BMW,Model A,2018,1.4,109599,Petrol,Manual,27498248.00569489
603,Honda,Model C,2000,3.5,86676,Diesel,Automatic,18298788.749268036
604,Audi,Model E,2020,4.2,83721,Petrol,Manual,35137562.945021234
605,BMW,Model B,2021,3.3,37924,Diesel,Manual,35845763.869475804
606,Audi,Model D,2001,3.7,24240,Petrol,Automatic,25924031.928215813
607,Ford,Model A,2014,2.3,87381,Petrol,Manual,22031806.714839384
608,BMW,Model C,2013,1.6,9228,Petrol,Automatic,24791993.75936146
609,Ford,Model E,2018,3.2,21686,Diesel,Manual,33795570.55544985
610,Ford,Model E,2010,2.1,11920,Electric,Manual,27138415.999229103
611,BMW,Model A,2014,4.0,7432,Diesel,Automatic,35083060.56980601
612,Toyota,Model D,2005,1.4,194647,Diesel,Manual,14431217.416537523
613,BMW,Model B,2019,2.5,110507,Petrol,Manual,27664288.735495333
614,Toyota,Model D,2008,2.4,130509,Petrol,Manual,16421914.853082534
615,Audi,Model D,2004,4.3,71725,Electric,Manual,27658614.62354524
616,Audi,Model D,2019,1.5,164982,Electric,Automatic,21952607.630482186
617,BMW,Model A,2001,1.0,121764,Petrol,Automatic,14615388.152561553
618,Audi,Model A,2005,1.8,161298,Electric,Manual,14895541.913781695
619,Honda,Model B,2017,3.9,59099,Electric,Manual,29264227.872099306
620,Ford,Model D,2018,1.7,112557,Petrol,Automatic,28716425.65633024
621,Ford,Model A,2008,1.8,86760,Diesel,Automatic,23852975.389909778
622,Toyota,Model B,2020,1.5,18013,Electric,Manual,32723341.150708266
623,Audi,Model B,2005,3.5,21446,Petrol,Automatic,26994678.763801266
624,Toyota,Model D,2013,1.2,105209,Electric,Automatic,19163705.10806841
625,Ford,Model C,2012,2.2,193581,Electric,Automatic,23925039.51167561
626,Ford,Model D,2010,2.0,102261,Petrol,Automatic,23731533.26252679
627,Audi,Model C,2011,2.9,95739,Electric,Manual,25786628.40015399
628,Honda,Model B,2018,3.6,557,Electric,Automatic,34453883.955405846
629,Honda,Model A,2018,2.9,161738,Electric,Manual,21623987.49412477
630,Audi,Model E,2020,4.3,168461,Diesel,Manual,31460067.464553446
631,Audi,Model B,2018,4.3,178772,Diesel,Automatic,25545992.98619549
632,Toyota,Model A,2012,2.3,130878,Electric,Manual,24149238.32572451
633,Audi,Model B,2013,3.7,99143,Petrol,Manual,29484517.922247127
634,Honda,Model D,2017,3.6,24578,Electric,Automatic,34139415.2437463
635,Audi,Model C,2011,4.1,74779,Electric,Automatic,29900997.080663767
636,Toyota,Model B,2003,2.6,140668,Diesel,Automatic,21358839.503796596
637,Toyota,Model A,2009,2.9,57500,Diesel,Manual,24840169.176334057
638,Toyota,Model D,2016,2.5,72534,Diesel,Manual,28702305.18008701
639,Toyota,Model E,2003,4.0,10129,Electric,Manual,27543339.19064033
640,BMW,Model D,2011,1.8,194466,Electric,Manual,14697569.904355794
641,Audi,Model C,2012,1.8,197118,Petrol,Automatic,19316766.65973402
642,Ford,Model D,2003,2.3,11596,Electric,Manual,27022701.19304937
643,Audi,Model E,2009,1.8,65355,Electric,Automatic,26584918.31735439
644,BMW,Model A,2002,3.0,12974,Diesel,Automatic,29066254.418591462
645,Toyota,Model B,2014,1.5,197745,Diesel,Automatic,15565311.750821516
646,BMW,Model C,2001,2.1,112004,Diesel,Automatic,21357055.395762485
647,Honda,Model E,2016,4.2,126794,Diesel,Manual,29429979.52872076
648,Honda,Model C,2005,2.4,70202,Diesel,Automatic,25991025.01473992
649,Audi,Model D,2007,3.6,74442,Petrol,Manual,25188335.18160915
650,Audi,Model C,2002,1.4,152890,Petrol,Automatic,14093899.04241023
651,Ford,Model E,2017,1.9,174318,Petrol,Automatic,20153554.847546212
652,Ford,Model B,2021,3.8,55598,Diesel,Automatic,35872055.13281232
653,Honda,Model B,2000,3.7,133726,Diesel,Manual,20742652.1410635
654,Toyota,Model C,2015,2.4,33758,Diesel,Automatic,27378080.875539348
655,BMW,Model A,2006,4.3,24204,Petrol,Automatic,25061526.465974
656,Ford,Model C,2002,4.2,127309,Diesel,Automatic,22865040.468646787
657,Ford,Model D,2003,4.4,166000,Petrol,Automatic,22058340.733889464
658,Toyota,Model B,2008,2.5,184681,Diesel,Manual,16792046.97654847
659,Toyota,Model B,2004,1.7,30552,Electric,Manual,20496743.17325808
660,Audi,Model B,2018,3.2,141408,Petrol,Automatic,28641336.35829249
661,BMW,Model A,2014,3.4,47037,Electric,Automatic,34160937.39664977
662,Toyota,Model A,2007,1.4,147278,Petrol,Manual,16946119.602183867
663,Ford,Model E,2005,3.8,34831,Diesel,Manual,25599172.13455413
664,Ford,Model C,2017,1.1,43563,Diesel,Manual,28119566.92750116
665,Honda,Model C,2018,2.7,18361,Electric,Automatic,33752456.12969614
666,Toyota,Model D,2014,2.2,41335,Diesel,Manual,27604669.808215175
667,Audi,Model B,2006,3.6,74469,Petrol,Automatic,29526732.166983906
668,BMW,Model A,2009,2.1,25816,Diesel,Manual,28212570.24428336
669,Audi,Model D,2005,3.9,146691,Diesel,Manual,21202908.58793667
670,Ford,Model D,2013,3.1,92479,Petrol,Automatic,23891084.05544359
671,Audi,Model A,2016,3.8,26819,Electric,Manual,35897893.57562975
672,Ford,Model C,2008,4.5,142813,Electric,Automatic,27243212.472430144
673,Ford,Model B,2018,3.4,122330,Diesel,Manual,28077994.260076463
674,Ford,Model C,2004,4.4,8798,Petrol,Automatic,30061250.91522509
675,Ford,Model D,2006,1.1,156215,Electric,Manual,16088310.205034984
676,Ford,Model B,2018,2.2,49695,Electric,Manual,30956447.762217935
677,Honda,Model E,2019,1.4,163819,Diesel,Automatic,21059150.937736634
678,Audi,Model D,2006,1.9,129544,Petrol,Automatic,16987761.759846307
679,Honda,Model C,2001,3.9,152254,Electric,Automatic,21309027.465521045
680,Honda,Model C,2015,1.1,9415,Diesel,Automatic,30104479.6870192
681,Toyota,Model C,2012,2.8,142157,Diesel,Manual,22510565.94875679
682,Toyota,Model A,2007,3.0,146080,Diesel,Manual,19697757.848077953
683,Toyota,Model D,2005,3.0,87638,Diesel,Manual,25413232.904289395
684,BMW,Model B,2005,2.7,18452,Electric,Manual,24546874.961369637
685,Toyota,Model C,2008,3.8,195147,Petrol,Manual,20953472.511971533
686,Audi,Model C,2003,1.5,139192,Diesel,Manual,16397570.043254694
687,Honda,Model A,2010,2.1,195457,Diesel,Automatic,15493338.109296165
688,Audi,Model B,2004,3.2,110205,Electric,Manual,22273978.534157336
689,Toyota,Model D,2016,3.4,18170,Diesel,Manual,33080313.906808317
690,BMW,Model E,2019,2.4,16259,Diesel,Automatic,33207432.556203216
691,BMW,Model A,2006,4.1,22099,Petrol,Manual,29411511.73930657
692,Honda,Model D,2014,2.5,140721,Diesel,Manual,28235324.818826742
693,Audi,Model E,2014,2.4,129394,Electric,Manual,26653656.462646462
694,Ford,Model C,2013,1.1,59258,Petrol,Automatic,24814718.0009096
695,Audi,Model C,2012,2.9,172109,Electric,Automatic,22455028.16769908
696,Toyota,Model B,2010,3.5,11805,Petrol,Manual,33936988.41550158
697,Ford,Model E,2012,1.4,43147,Petrol,Automatic,27368825.572010495
698,BMW,Model C,2021,2.1,74280,Diesel,Manual,27527994.279011104
699,Honda,Model C,2008,3.7,177125,Diesel,Manual,23441646.445614196
700,Honda,Model B,2009,2.3,106777,Diesel,Manual,25246752.164119888
701,BMW,Model D,2003,1.8,97841,Electric,Automatic,22443384.15155157
702,Toyota,Model C,2016,3.4,124726,Diesel,Manual,26760716.636785023
703,BMW,Model A,2013,1.7,128359,Diesel,Manual,21533149.009062063
704,Toyota,Model A,2017,4.1,76215,Petrol,Manual,30005619.95710534
705,Ford,Model D,2010,1.4,112909,Diesel,Manual,21770804.92867227
706,BMW,Model E,2015,3.5,95365,Diesel,Manual,30197485.1649114
707,Toyota,Model B,2000,2.7,10985,Diesel,Automatic,22824091.626644988
708,Ford,Model A,2006,4.0,12391,Diesel,Manual,29096819.40466168
709,BMW,Model A,2009,1.4,4861,Petrol,Automatic,21949514.40876187
710,Honda,Model D,2008,3.4,194654,Diesel,Manual,23086198.1008053
711,BMW,Model E,2002,3.0,183000,Petrol,Automatic,13720047.256999806
712,Audi,Model E,2021,2.7,34364,Electric,Manual,33931359.50438561
713,BMW,Model D,2013,2.7,82399,Diesel,Manual,27256559.66674469
714,Audi,Model A,2014,3.5,42923,Diesel,Automatic,30945465.937063195
715,Ford,Model B,2001,4.3,138991,Diesel,Automatic,21288043.756679382
716,BMW,Model A,2013,1.3,186968,Petrol,Manual,16728037.64855433
717,Ford,Model E,2015,1.1,85818,Diesel,Automatic,23752969.59161101
718,Ford,Model A,2006,3.8,178468,Diesel,Automatic,22614501.304504335
719,Toyota,Model B,2003,1.4,165912,Electric,Manual,17534711.00087327
720,Ford,Model C,2017,4.5,173327,Petrol,Manual,26991848.12285012
721,Ford,Model A,2004,3.2,71160,Petrol,Manual,20721160.93904617
722,BMW,Model D,2005,3.3,128165,Electric,Manual,20134402.29740591
723,BMW,Model C,2006,1.7,139248,Petrol,Manual,22142994.189705763
724,Honda,Model D,2014,1.8,33529,Diesel,Automatic,26485261.02002555
725,Toyota,Model D,2000,3.3,187478,Diesel,Manual,16031692.659480441
726,Ford,Model D,2003,4.2,144013,Electric,Automatic,24531174.724039648
727,Toyota,Model A,2000,4.4,1669,Petrol,Manual,26662757.989325784
728,Audi,Model E,2010,1.7,117373,Petrol,Manual,21200279.220704645
729,Ford,Model C,2017,1.5,44859,Petrol,Automatic,29846046.58151262
730,Toyota,Model B,2013,1.2,55786,Electric,Manual,28534313.73505901
731,Honda,Model E,2021,4.0,182155,Diesel,Automatic,27101146.270610042
732,Honda,Model A,2010,2.0,171148,Electric,Automatic,22226790.488242365
733,Ford,Model D,2009,1.0,20323,Diesel,Automatic,23920792.580271356
734,Audi,Model B,2016,1.8,6021,Electric,Manual,28527092.58907013
735,Honda,Model C,2003,2.2,39807,Diesel,Manual,23408762.86061512
736,Honda,Model E,2014,4.5,128305,Petrol,Manual,26269613.884462807
737,Audi,Model E,2015,2.8,50355,Petrol,Manual,30526272.86292576
738,Toyota,Model B,2020,1.7,113415,Petrol,Manual,33028546.02226908
739,Honda,Model A,2012,2.2,175804,Electric,Manual,22821001.630507387
740,BMW,Model C,2008,2.2,8711,Electric,Automatic,26754650.72441976
741,Honda,Model B,2010,1.1,194151,Electric,Manual,18596853.815348864
742,Toyota,Model D,2010,1.5,7904,Petrol,Manual,24741756.542765476
743,Toyota,Model C,2005,3.4,64033,Diesel,Manual,23571000.72799566
744,Ford,Model E,2000,1.4,86478,Petrol,Manual,17321770.44957747
745,BMW,Model B,2021,1.8,120035,Petrol,Automatic,27273812.399699677
746,Toyota,Model E,2005,2.2,186168,Diesel,Automatic,14004994.361580465
747,Audi,Model E,2012,3.7,3093,Diesel,Automatic,31632395.015779138
748,BMW,Model E,2021,3.0,24918,Diesel,Automatic,33964922.56602789
749,BMW,Model A,2021,3.4,193708,Diesel,Automatic,29698544.695677266
750,Audi,Model E,2004,3.0,189878,Petrol,Manual,14919408.967330335
751,Honda,Model D,2014,3.4,140466,Electric,Automatic,23004602.918828856
752,Audi,Model D,2017,1.0,124501,Petrol,Automatic,23626367.885209132
753,Audi,Model C,2019,4.3,92510,Diesel,Manual,34776253.20545478
754,Honda,Model E,2013,1.4,93708,Electric,Manual,24717786.02808103
755,Honda,Model E,2014,2.4,97819,Electric,Automatic,26514403.786845945
756,Honda,Model B,2004,3.7,144352,Petrol,Manual,20605183.93999694
757,Honda,Model A,2003,2.5,36303,Petrol,Manual,25037059.858589664
758,Honda,Model C,2001,4.3,27453,Petrol,Automatic,28381128.439633414
759,Audi,Model E,2006,2.6,108886,Electric,Manual,21241078.267630648
760,Ford,Model B,2009,4.1,60695,Electric,Automatic,26768000.97962714
761,Ford,Model A,2015,3.8,199521,Electric,Automatic,22239705.80929438
762,Toyota,Model C,2009,4.4,156837,Diesel,Manual,26215618.556095332
763,Ford,Model C,2017,4.2,133412,Diesel,Automatic,26140853.357804887
764,Ford,Model E,2016,4.1,38057,Petrol,Automatic,36651268.35059423
765,Audi,Model C,2020,3.6,131669,Electric,Manual,28704298.613010798
766,Honda,Model B,2012,2.3,189060,Petrol,Manual,20766063.86060848
767,Honda,Model C,2000,1.4,94655,Electric,Manual,18470670.115954183
768,Audi,Model D,2000,3.4,15025,Petrol,Manual,23681378.56994183
769,Ford,Model B,2014,4.4,7145,Diesel,Automatic,33522954.31468951
770,Audi,Model A,2000,3.5,101206,Electric,Manual,21203640.00389115
771,Toyota,Model A,2005,4.3,186869,Diesel,Manual,19049108.361568786
772,Honda,Model E,2012,3.8,41723,Electric,Automatic,28378566.47333485
773,BMW,Model E,2000,1.6,73230,Petrol,Automatic,16582935.51064051
774,Toyota,Model D,2004,1.9,135902,Electric,Automatic,20423192.572180424
775,Toyota,Model A,2008,2.2,155002,Diesel,Automatic,20445749.69343067
776,Audi,Model A,2016,1.6,154824,Electric,Manual,20872465.882247303
777,Ford,Model A,2015,3.0,108138,Petrol,Manual,28838618.91246819
778,Honda,Model A,2007,4.4,62040,Electric,Automatic,26722489.506334238
779,BMW,Model C,2016,3.7,108668,Diesel,Automatic,25065775.596685182
780,Toyota,Model B,2014,2.5,198768,Petrol,Automatic,22455217.982320704
781,BMW,Model B,2000,1.0,195720,Diesel,Automatic,14506461.903619813
782,Ford,Model D,2011,2.1,55030,Electric,Manual,27064579.343038037
783,Ford,Model C,2004,2.8,56815,Diesel,Automatic,19984576.09712983
784,BMW,Model A,2005,2.1,112789,Electric,Manual,20013439.19955849
785,Honda,Model A,2000,1.4,166762,Petrol,Automatic,12912744.000494074
786,Ford,Model E,2000,2.5,57923,Diesel,Manual,21860274.325287785
787,BMW,Model E,2009,1.9,167644,Diesel,Manual,17223261.44626241
788,Toyota,Model D,2009,4.2,185102,Electric,Manual,21977945.49981292
789,BMW,Model A,2002,1.4,67904,Diesel,Manual,16564634.033954576
790,BMW,Model D,2016,1.2,160275,Diesel,Automatic,21829791.56488277
791,Audi,Model C,2018,1.0,77088,Petrol,Manual,23379808.161454923
792,Ford,Model B,2010,2.1,5608,Electric,Automatic,28794448.97144587
793,Honda,Model A,2017,3.3,45667,Electric,Manual,30315555.621993903
794,Honda,Model C,2001,3.6,55547,Petrol,Manual,17639820.91740691
795,Audi,Model A,2008,2.6,153557,Petrol,Automatic,22109666.286198262
796,Honda,Model E,2016,3.4,140934,Electric,Automatic,27741380.038424797
797,BMW,Model D,2013,2.3,128391,Petrol,Manual,26386334.0955414
798,Audi,Model E,2003,3.3,75948,Petrol,Manual,19122362.985660188
799,Toyota,Model B,2016,1.1,71880,Petrol,Automatic,24296900.920327235
800,Ford,Model E,2016,2.4,57560,Electric,Manual,29185185.921123732
801,Ford,Model A,2011,3.8,115063,Petrol,Automatic,27490261.78607263
802,Ford,Model E,2019,3.8,94218,Diesel,Automatic,28463332.124521133
803,BMW,Model A,2017,3.5,114462,Diesel,Automatic,29639819.915454432
804,Toyota,Model B,2002,1.7,159487,Electric,Manual,14282096.182781225
805,Audi,Model E,2010,1.9,195595,Petrol,Manual,14310092.67302652
806,Audi,Model D,2017,4.5,150395,Diesel,Automatic,27478888.02589669
807,Ford,Model D,2003,1.4,184286,Electric,Automatic,15114454.273227718
808,Toyota,Model D,2016,1.6,17997,Diesel,Automatic,25673553.8552674
809,Toyota,Model E,2017,1.5,121266,Petrol,Automatic,25710803.679217517
810,Toyota,Model E,2004,2.1,188075,Electric,Manual,16363006.004803525
811,Honda,Model E,2013,1.7,3679,Diesel,Automatic,28208331.84570986
812,Honda,Model A,2009,2.7,40308,Electric,Manual,23614204.9800315
813,Ford,Model B,2014,2.7,170914,Diesel,Automatic,19744402.3531317
814,Toyota,Model D,2000,4.2,196480,Diesel,Manual,16779036.70973529
815,Toyota,Model A,2015,1.1,185010,Petrol,Manual,17199619.956230033
816,Audi,Model D,2010,2.1,5695,Petrol,Manual,27247732.78901873
817,Audi,Model A,2019,3.1,58499,Diesel,Manual,33587414.314696595
818,Ford,Model E,2005,3.1,23382,Electric,Manual,25984857.565168146
819,Toyota,Model D,2021,2.7,14235,Electric,Automatic,33587360.12453767
820,Ford,Model E,2015,3.9,193295,Petrol,Automatic,24035944.448670376
821,Audi,Model D,2001,1.2,133438,Diesel,Manual,17254903.86193008
822,Audi,Model C,2000,3.9,158539,Petrol,Automatic,21459789.77497134
823,Honda,Model A,2008,2.7,190388,Diesel,Automatic,19724467.424347013
824,Ford,Model C,2021,1.5,112468,Diesel,Automatic,27149783.03479678
825,Ford,Model A,2011,4.1,6764,Petrol,Automatic,32820925.229711924
826,Toyota,Model B,2016,3.3,113831,Electric,Automatic,30764353.804506168
827,Toyota,Model D,2014,1.6,61836,Petrol,Automatic,27060705.52017444
828,Honda,Model B,2018,1.1,31923,Diesel,Automatic,31648727.81951309
829,BMW,Model B,2021,1.5,95711,Petrol,Manual,26876280.29602585
830,BMW,Model A,2009,3.1,16292,Electric,Automatic,26214261.960597113
831,BMW,Model C,2011,1.6,124913,Electric,Automatic,20116231.03206856
832,Ford,Model E,2013,1.8,132686,Diesel,Automatic,21340106.13849594
833,Ford,Model A,2008,1.1,20939,Petrol,Manual,27362105.85547259
834,Audi,Model E,2012,3.5,18800,Electric,Manual,32532827.48907203
835,Ford,Model B,2002,3.8,56440,Petrol,Automatic,23503086.95136477
836,Ford,Model E,2020,3.8,154318,Electric,Manual,30500922.353865396
837,Ford,Model C,2013,1.4,127521,Diesel,Manual,21664787.77781604
838,Honda,Model A,2020,4.2,183877,Diesel,Automatic,31475253.384153932
839,Ford,Model C,2009,3.4,121327,Petrol,Manual,23566247.51062191
840,Toyota,Model C,2015,4.1,49648,Diesel,Automatic,29139821.485842824
841,Toyota,Model A,2006,2.6,115192,Electric,Manual,21066897.866998635
842,Audi,Model C,2003,2.5,187923,Diesel,Automatic,15437541.335845407
843,Honda,Model D,2019,3.7,162760,Electric,Manual,25075546.70410336
844,Toyota,Model D,2010,1.3,93498,Electric,Automatic,23096923.514556613
845,Honda,Model D,2015,2.8,29764,Diesel,Automatic,33461237.6606341
846,Honda,Model E,2019,3.9,32470,Electric,Manual,32431531.35255426
847,Audi,Model C,2003,3.9,169573,Electric,Automatic,21766770.78584434
848,Honda,Model A,2021,4.3,57207,Petrol,Automatic,34026388.34535573
849,Ford,Model A,2021,3.4,62157,Petrol,Manual,33142712.886753455
850,Honda,Model E,2016,1.7,134288,Petrol,Automatic,23426055.55120308
851,Audi,Model A,2012,1.1,153144,Diesel,Automatic,19493378.269862153
852,Audi,Model D,2010,2.7,93778,Petrol,Manual,25657265.34399011
853,Audi,Model C,2002,2.8,130016,Electric,Automatic,17050834.719104532
854,Toyota,Model A,2008,1.8,124288,Diesel,Manual,22972200.218212456
855,Ford,Model A,2005,1.4,168204,Diesel,Automatic,16896885.513433523
856,Toyota,Model B,2021,3.1,110573,Diesel,Manual,31842515.552679453
857,BMW,Model B,2020,3.7,120730,Diesel,Manual,28803368.09414977
858,Ford,Model B,2010,4.5,148933,Electric,Automatic,23323802.277925503
859,Honda,Model C,2015,3.7,64186,Electric,Manual,33056126.86374881
860,Audi,Model D,2018,3.8,4960,Petrol,Automatic,33036501.5082724
861,BMW,Model D,2004,3.2,18781,Diesel,Automatic,26759560.482450884
862,Ford,Model D,2013,4.5,31126,Petrol,Manual,34981691.663375884
863,Toyota,Model C,2016,3.2,153650,Electric,Automatic,25463896.06179028
864,Audi,Model C,2002,4.0,106034,Diesel,Automatic,25038454.126059264
865,Toyota,Model B,2003,4.3,17883,Electric,Manual,27662733.39241233
866,Ford,Model A,2015,4.3,29782,Petrol,Automatic,31056064.002437938
867,Ford,Model E,2015,2.3,56387,Electric,Automatic,29028995.08221764
868,BMW,Model E,2020,1.3,148051,Diesel,Manual,24594042.06742891
869,Honda,Model A,2003,1.6,33746,Diesel,Automatic,27388652.48761482
870,Toyota,Model B,2018,1.2,66266,Petrol,Automatic,25196482.26777396
871,BMW,Model A,2016,1.4,56,Diesel,Manual,29293505.7893413
872,Audi,Model A,2012,1.6,31457,Electric,Automatic,25165418.75963256
873,Honda,Model E,2021,2.2,133315,Electric,Automatic,26949280.836856406
874,BMW,Model B,2000,2.9,186103,Electric,Manual,15129245.135187266
875,Toyota,Model C,2011,3.5,132773,Electric,Automatic,23116750.355878983
876,Ford,Model E,2003,1.7,187453,Petrol,Automatic,15463825.219393775
877,Audi,Model C,2010,3.4,181510,Electric,Manual,21296212.25582107
878,Toyota,Model B,2004,3.5,73839,Petrol,Manual,26999015.935767837
879,Honda,Model A,2001,3.0,80636,Electric,Automatic,20171085.7534227
880,Honda,Model D,2016,4.2,107697,Petrol,Automatic,33737896.14263645
881,Ford,Model D,2007,1.4,66483,Electric,Manual,22527598.01275029
882,Ford,Model B,2005,1.6,20505,Electric,Automatic,26217416.879170198
883,Audi,Model D,2020,2.5,137625,Petrol,Automatic,27349656.931245737
884,Audi,Model C,2008,1.4,33525,Diesel,Automatic,22562441.200288054
885,Ford,Model D,2012,3.0,96008,Diesel,Manual,25672558.159681737
886,Ford,Model B,2010,2.4,44348,Diesel,Automatic,23809063.578324623
887,Honda,Model B,2015,2.0,7273,Petrol,Automatic,29913282.767612986
888,Ford,Model C,2015,1.6,64236,Diesel,Manual,26832385.75226366
889,BMW,Model D,2001,2.2,134607,Diesel,Manual,17261095.59137089
890,Toyota,Model D,2009,3.1,149749,Petrol,Manual,24872864.45027373
891,Ford,Model A,2011,3.0,107157,Diesel,Automatic,24843882.33787419
892,Audi,Model E,2007,1.6,908,Diesel,Automatic,21866612.81431557
893,BMW,Model B,2010,1.4,108352,Diesel,Manual,28470530.021919563
894,Audi,Model A,2009,1.1,95967,Petrol,Automatic,19520432.917033356
895,BMW,Model B,2012,1.0,88989,Petrol,Automatic,24488040.21758249
896,Ford,Model A,2016,4.1,35079,Diesel,Automatic,30437556.657910362
897,Toyota,Model E,2006,1.2,111889,Diesel,Automatic,19295974.34693671
898,Audi,Model A,2002,3.6,49323,Petrol,Manual,23144758.383857265
899,BMW,Model B,2019,4.1,176392,Diesel,Manual,22235130.083510946
900,Honda,Model D,2012,1.3,89909,Petrol,Automatic,22538930.00991491
901,Ford,Model B,2018,2.5,46105,Diesel,Manual,30594619.28353901
902,Toyota,Model C,2006,4.4,161236,Petrol,Automatic,22300428.152687665
903,Ford,Model C,2008,3.9,132957,Electric,Automatic,24638376.69656744
904,Honda,Model C,2018,2.7,188891,Electric,Manual,23416433.826548297
905,Toyota,Model C,2012,3.7,1049,Petrol,Manual,32485849.632273097
906,Honda,Model E,2021,3.9,53281,Electric,Automatic,34976174.00330859
907,Ford,Model D,2007,2.2,43271,Diesel,Automatic,24666093.82245913
908,BMW,Model D,2021,4.1,66697,Petrol,Automatic,34023598.335595846
909,Ford,Model B,2017,2.6,197423,Petrol,Automatic,21041542.979408782
910,Ford,Model A,2001,2.8,36534,Diesel,Manual,24462191.20800823
911,Ford,Model B,2017,4.5,93034,Diesel,Manual,31282305.305400282
912,Audi,Model B,2017,4.0,58097,Petrol,Automatic,31867498.548904203
913,Honda,Model B,2010,2.3,184885,Diesel,Automatic,20380338.62100852
914,Honda,Model B,2000,1.0,25037,Petrol,Manual,20172066.054003127
915,Honda,Model D,2013,3.2,167079,Diesel,Automatic,22149609.357556842
916,Audi,Model A,2015,3.5,27278,Petrol,Manual,34637417.285876535
917,BMW,Model B,2010,3.3,139344,Diesel,Automatic,21254352.03017524
918,Ford,Model D,2000,4.4,188255,Diesel,Manual,16324300.91217851
919,BMW,Model B,2006,4.0,99173,Electric,Automatic,26378057.93568692
920,Audi,Model C,2015,2.6,38294,Electric,Automatic,33287571.194828887
921,Honda,Model B,2013,1.2,73277,Electric,Automatic,23081345.61554113
922,Ford,Model B,2014,2.7,193581,Diesel,Manual,22546592.74546629
923,Toyota,Model E,2013,3.4,4694,Petrol,Manual,29680572.88346329
924,Toyota,Model C,2020,3.1,58150,Diesel,Automatic,30434529.367821388
925,BMW,Model A,2010,2.9,67470,Electric,Automatic,28690896.383441363
926,Honda,Model B,2015,2.6,21556,Diesel,Automatic,31353726.061514277
927,Toyota,Model A,2018,2.0,195543,Electric,Automatic,24549309.510281555
928,BMW,Model C,2016,2.0,180927,Electric,Manual,24126267.508872706
929,Audi,Model B,2005,2.8,49086,Petrol,Manual,20466600.61376525
930,BMW,Model E,2010,1.6,149979,Petrol,Manual,17309141.319888823
931,BMW,Model D,2016,2.2,179559,Electric,Automatic,22971001.60315562
932,BMW,Model E,2008,2.1,160230,Electric,Automatic,15794320.03811888
933,Ford,Model E,2017,3.1,151365,Diesel,Manual,24023139.914791837
934,BMW,Model D,2016,1.2,176833,Electric,Automatic,23412284.808820818
935,BMW,Model D,2011,3.9,99468,Diesel,Manual,26243468.24677823
936,Ford,Model D,2021,3.0,33387,Electric,Manual,35251247.15724207
937,Ford,Model B,2021,3.3,171822,Petrol,Manual,27452563.459695324
938,Audi,Model A,2004,3.5,68602,Petrol,Manual,23210027.49141077
939,Honda,Model A,2010,2.0,152328,Electric,Automatic,17055181.454598933
940,Toyota,Model D,2003,2.6,136666,Diesel,Manual,19333304.213128753
941,Toyota,Model E,2003,4.3,2460,Diesel,Automatic,31886211.078137726
942,BMW,Model C,2002,3.7,72356,Diesel,Manual,22479145.04046849
943,Audi,Model D,2016,4.4,54698,Electric,Manual,33202296.708457716
944,BMW,Model E,2006,3.6,101746,Electric,Manual,21073122.39329602
945,Toyota,Model E,2003,1.6,16191,Petrol,Manual,21546099.617499907
946,Ford,Model B,2012,1.2,84631,Petrol,Automatic,23850213.31892312
947,Honda,Model B,2011,3.0,10529,Electric,Automatic,31460981.640799623
948,Audi,Model A,2000,2.3,32175,Petrol,Automatic,23103147.499916375
949,Ford,Model A,2020,2.0,17675,Diesel,Automatic,28053147.378505528
950,Honda,Model C,2018,3.8,174230,Diesel,Manual,25974630.321730517
951,Audi,Model C,2020,2.3,46798,Electric,Automatic,29325537.779410753
952,Audi,Model C,2019,2.1,70910,Diesel,Automatic,28536443.448365916
953,Toyota,Model C,2017,4.0,130400,Electric,Manual,28757617.129025307
954,Ford,Model E,2010,4.0,157048,Diesel,Automatic,26280303.782390475
955,Audi,Model E,2019,2.2,194188,Electric,Automatic,23781074.073387053
956,Audi,Model A,2002,3.9,78678,Diesel,Automatic,26701763.945774168
957,Honda,Model B,2016,4.0,62821,Diesel,Automatic,30459929.37114564
958,Toyota,Model B,2011,2.5,12204,Petrol,Manual,26055646.884156357
959,BMW,Model D,2009,1.2,186737,Petrol,Manual,19473635.281640932
960,Toyota,Model E,2007,1.0,7394,Petrol,Automatic,24997210.475801263
961,BMW,Model C,2014,2.8,64814,Petrol,Manual,26872756.46528221
962,Ford,Model C,2004,2.2,33593,Petrol,Automatic,24595995.757020574
963,Ford,Model D,2003,4.5,173036,Petrol,Automatic,22518719.134398863
964,Audi,Model B,2020,3.7,115064,Electric,Automatic,30885181.626015183
965,Ford,Model C,2019,3.7,53365,Electric,Manual,31773677.143946923
966,Audi,Model B,2018,4.3,131515,Petrol,Manual,29141724.390288647
967,Toyota,Model D,2020,4.1,159252,Electric,Manual,29818642.995699603
968,Ford,Model B,2003,2.1,179863,Petrol,Manual,16104625.910711376
969,Toyota,Model B,2014,1.6,174737,Electric,Manual,22887670.11557083
970,Toyota,Model B,2016,3.6,103700,Diesel,Manual,28463179.57519594
971,Ford,Model C,2011,2.3,97077,Electric,Automatic,22318628.803248968
972,Toyota,Model A,2002,2.7,134537,Electric,Manual,23827258.659140065
973,Ford,Model E,2009,3.2,68247,Electric,Automatic,26836626.398975477
974,Ford,Model B,2014,4.2,182631,Diesel,Automatic,26936975.515779074
975,Ford,Model B,2009,2.5,156270,Petrol,Manual,21730196.74405176
976,BMW,Model B,2017,3.7,54740,Electric,Automatic,32536148.877121776
977,Toyota,Model A,2000,1.9,153560,Electric,Automatic,14666512.538513664
978,Honda,Model D,2002,3.4,169587,Diesel,Automatic,12713018.59328416
979,Ford,Model C,2020,1.0,27898,Petrol,Manual,27478657.51840436
980,Toyota,Model A,2011,4.1,132991,Electric,Manual,26708688.42683459
981,Audi,Model B,2000,1.1,181142,Diesel,Automatic,6704953.523986209
982,Ford,Model A,2002,3.5,62613,Petrol,Manual,24012586.78542056
983,Ford,Model A,2002,1.2,96707,Petrol,Automatic,18887111.021728646
984,Honda,Model A,2004,1.9,111777,Electric,Manual,20877707.234206866
985,BMW,Model D,2018,2.7,47003,Electric,Automatic,32246160.49492941
986,BMW,Model E,2000,2.5,48478,Electric,Automatic,23492883.903234225
987,Ford,Model C,2003,1.7,145506,Electric,Manual,19835922.76648376
988,Toyota,Model D,2003,2.2,177318,Diesel,Manual,18226335.87081837
989,Audi,Model D,2016,3.5,167721,Diesel,Manual,26007612.79780386
990,Audi,Model E,2013,3.3,59030,Electric,Manual,28879260.290454492
991,Toyota,Model D,2017,1.3,184133,Petrol,Manual,21122625.74910538
992,Ford,Model A,2000,3.6,133071,Electric,Automatic,18995453.696650557
993,Audi,Model A,2021,1.2,145921,Petrol,Automatic,26839111.464491248
994,BMW,Model B,2015,2.9,52800,Petrol,Automatic,30804200.416601975
995,Toyota,Model D,2002,1.9,5445,Petrol,Manual,22765597.091106545
996,Honda,Model B,2020,3.1,149112,Diesel,Manual,30392575.567224197
997,Ford,Model C,2008,1.9,195387,Petrol,Automatic,16446892.29193078
998,Toyota,Model A,2003,4.4,246,Petrol,Automatic,27396156.707853448
999,Audi,Model C,2020,2.1,31153,Diesel,Automatic,31620864.906698406
